{
    "rmse": 7260.931403026741,
    "mae": 5430.053354781879,
    "r2": 0.6493978198472045
}